model,fold,MAPE_pct,n_fit,n_eval
Dummy,1,28.326317586447818,21,12
Dummy,2,17.344512056196074,22,11
Dummy,3,23.51565264553912,23,10
Ridge,1,7.720067350518092,21,12
Ridge,2,7.019621917525523,22,11
Ridge,3,8.940934429429753,23,10
ElasticNet,1,7.732993231465941,21,12
ElasticNet,2,7.134878860566609,22,11
ElasticNet,3,9.935405260241339,23,10
RBF-SVR,1,13.002483017631725,21,12
RBF-SVR,2,7.096336951133776,22,11
RBF-SVR,3,11.179457252745378,23,10
RandomForest,1,11.076686902624603,21,12
RandomForest,2,6.805145894643033,22,11
RandomForest,3,11.252359028086852,23,10
GradientBoosting,1,14.143138020038778,21,12
GradientBoosting,2,7.676881657950552,22,11
GradientBoosting,3,11.476541720389392,23,10
