uid,charging_policy,barcode,split
Batch 1:cell_3,4c(80%)-4c,,Train
Batch 1:cell_4,4c(80%)-4c,,Train
Batch 1:cell_5,4.4c(80%)-4.4c,,Train
Batch 1:cell_6,4.8c(80%)-4.8c,,Train
Batch 1:cell_7,4.8c(80%)-4.8c,,Train
Batch 1:cell_8,5.4c(40%)-3.6c,,Train
Batch 1:cell_9,5.4c(40%)-3.6c,,Train
Batch 1:cell_10,5.4c(50%)-3c,,Train
Batch 1:cell_11,5.4c(50%)-3c,,Train
Batch 1:cell_12,5.4c(50%)-3.6c,,Train
Batch 1:cell_13,5.4c(50%)-3.6c,,Train
Batch 1:cell_16,5.4c(60%)-3.6c,,Train
Batch 1:cell_17,5.4c(60%)-3.6c,,Train
Batch 1:cell_20,5.4c(80%)-5.4c,,Train
Batch 1:cell_21,5.4c(80%)-5.4c,,Train
Batch 1:cell_22,6c(30%)-3.6c,,Train
Batch 1:cell_23,6c(30%)-3.6c,,Train
Batch 1:cell_24,6c(40%)-3c,,Train
Batch 1:cell_25,6c(40%)-3c,,Train
Batch 1:cell_30,6c(50%)-3.6c,,Train
Batch 1:cell_31,6c(50%)-3.6c,,Train
Batch 1:cell_32,6c(60%)-3c,,Train
Batch 1:cell_33,6c(60%)-3c,,Train
Batch 1:cell_36,7c(40%)-3c,,Train
Batch 1:cell_37,7c(40%)-3c,,Train
Batch 1:cell_38,7c(40%)-3.6c,,Train
Batch 1:cell_39,7c(40%)-3.6c,,Train
Batch 1:cell_40,8c(15%)-3.6c,,Train
Batch 1:cell_41,8c(15%)-3.6c,,Train
Batch 1:cell_42,8c(25%)-3.6c,,Train
Batch 1:cell_43,8c(25%)-3.6c,,Train
Batch 1:cell_44,8c(35%)-3.6c,,Train
Batch 1:cell_45,8c(35%)-3.6c,,Train
Batch 1:cell_0,3.6c(80%)-3.6c,,Valid
Batch 1:cell_1,3.6c(80%)-3.6c,,Valid
Batch 1:cell_2,3.6c(80%)-3.6c,,Valid
Batch 1:cell_14,5.4c(60%)-3c,,Valid
Batch 1:cell_15,5.4c(60%)-3c,,Valid
Batch 1:cell_18,5.4c(70%)-3c,,Valid
Batch 1:cell_19,5.4c(70%)-3c,,Valid
Batch 1:cell_26,6c(40%)-3.6c,,Valid
Batch 1:cell_27,6c(40%)-3.6c,,Valid
Batch 1:cell_28,6c(50%)-3c,,Valid
Batch 1:cell_29,6c(50%)-3c,,Valid
Batch 1:cell_34,7c(30%)-3.6c,,Valid
Batch 1:cell_35,7c(30%)-3.6c,,Valid
