uid,charging_policy,cycle_life,feature_issue,predicted_cycle_life,APE_pct,features_missing_before_imputation
Batch 2:cell_0,5.2c(58%)-4c,477.0,,624.93787787055,31.014230161540876,False
Batch 2:cell_1,5.6c(26%)-4.5c,491.0,,527.318644151542,7.396872535955602,False
Batch 2:cell_2,5.2c(50%)-4.25c,424.0,,602.9811036951558,42.21252445640466,False
Batch 2:cell_3,4.65c(44%)-5c,499.0,,632.2926771505408,26.71195934880578,False
Batch 2:cell_4,4.65c(69%)-6c,444.0,,494.2256199079489,11.312076555844346,False
Batch 2:cell_5,3.6c(30%)-6c,416.0,,433.4784373718282,4.201547445151008,False
Batch 2:cell_6,3.6c(9%)-5c,393.0,,641.5063403868295,63.23316549283194,False
Batch 2:cell_7,4.8c(80%)-4.8c-newstructure,777.0,,1029.772499738865,32.53185324824518,False
Batch 2:cell_8,5.2c(58%)-4c-newstructure,904.0,,960.1318470953051,6.209275121162074,False
Batch 2:cell_9,5.6c(26%)-4.5c-newstructure,791.0,,1097.3571627721485,38.73036191809716,False
Batch 2:cell_10,4.8c(80%)-4.8c,492.0,,603.3484858299366,22.631806062995253,False
Batch 2:cell_11,5.2c(50%)-4.25c,449.0,,623.4164494394566,38.84553439631551,False
Batch 2:cell_12,4.65c(44%)-5c,466.0,,467.60220271303615,0.343820324685869,False
Batch 2:cell_13,4.65c(69%)-6c,460.0,,553.8524830925455,20.402713715770766,False
Batch 2:cell_14,3.6c(30%)-6c,426.0,,449.23572056321524,5.454394498407332,False
Batch 2:cell_15,3.6c(9%)-5c,396.0,,634.9178923151959,60.332801089695934,False
Batch 2:cell_16,4.8c(80%)-4.8c,472.0,,626.0824749651384,32.644592153631024,False
Batch 2:cell_17,5.6c(26%)-4.5c,471.0,,628.1387318386838,33.36278807615368,False
Batch 2:cell_18,5.2c(50%)-4.25c,449.0,,733.4273513128086,63.34684884472351,False
Batch 2:cell_19,6c(60%)-3c,392.0,,522.5005402367843,33.29095414203682,False
Batch 2:cell_20,5.2c(58%)-4c,489.0,,606.8654737535679,24.103368865760313,False
Batch 2:cell_21,6c(60%)-3c,408.0,,542.1398762981771,32.87742066131792,False
Batch 2:cell_24,4.8c(80%)-4.8c,514.0,,703.4637590670923,36.86065351499849,False
Batch 2:cell_25,5.2c(58%)-4c,493.0,,645.6265960819833,30.95874159877957,False
Batch 2:cell_26,5.6c(26%)-4.5c,450.0,,493.74157610503966,9.720350245564369,False
Batch 2:cell_27,5.2c(50%)-4.25c,474.0,,623.098173182525,31.45531079800105,False
Batch 2:cell_28,4.8c(80%)-4.8c,437.0,,587.2916179077235,34.391674578426446,False
Batch 2:cell_29,5.2c(58%)-4c,452.0,,633.3061222905469,40.1119739580856,False
Batch 2:cell_30,5.6c(26%)-4.5c,412.0,,474.98659755012943,15.288009114109084,False
Batch 2:cell_31,5.6c(26%)-4.5c,425.0,,557.9677194443067,31.286522222189806,False
Batch 2:cell_32,4.8c(80%)-4.8c-newstructure,809.0,,977.8083915747419,20.866303037668963,False
Batch 2:cell_33,5.2c(58%)-4c-newstructure,1140.0,,1034.544217560051,9.25050723157447,False
Batch 2:cell_34,5.6c(26%)-4.5c-newstructure,1186.0,,1162.2866791936171,1.9994368302177785,False
Batch 2:cell_41,5.6c(26%)-4.5c,442.0,,477.75644568300345,8.089693593439694,False
Batch 2:cell_42,5.2c(50%)-4.25c,474.0,,620.1389977416085,30.83101218177394,False
Batch 2:cell_43,4.8c(80%)-4.8c-newstructure,1029.0,,1049.997010039566,2.0405257570035005,False
Batch 2:cell_44,5.2c(58%)-4c-newstructure,841.0,,1111.2472942265556,32.13404211968557,False
Batch 2:cell_45,5.6c(26%)-4.5c-newstructure,997.0,,1003.9879368572126,0.700896374845799,False
Batch 2:cell_46,4.8c(80%)-4.8c,503.0,,634.1724315314244,26.07801819710227,False
