uid,dq_min,log_dq_var
Batch 1:cell_3,-0.018960539773269502,-4.442613347243354
Batch 1:cell_4,-0.013957995093677344,-4.647743641009163
Batch 1:cell_5,-0.025178778949337288,-4.17887795674817
Batch 1:cell_6,-0.03788603931347978,-3.7688778976770076
Batch 1:cell_7,-0.03823338650707442,-3.8134860745003474
Batch 1:cell_8,-0.030807702259195047,-4.001194604416227
Batch 1:cell_9,-0.028724475696229934,-4.059383672790249
Batch 1:cell_10,-0.026992931922526497,-4.022573141912414
Batch 1:cell_11,-0.023691513033622602,-4.146896524411297
Batch 1:cell_12,-0.027438869587688153,-4.12519064319492
Batch 1:cell_13,-0.029137075239816568,-4.048006452792147
Batch 1:cell_16,-0.027606674842371115,-4.099413669983678
Batch 1:cell_17,-0.031067967108938555,-3.970159447107843
Batch 1:cell_20,-0.06358042689660326,-3.367237409234227
Batch 1:cell_21,-0.06472026276575493,-3.3503380506265663
Batch 1:cell_22,-0.032147144008991324,-3.95216866925275
Batch 1:cell_23,-0.029953516931757296,-4.040793638557235
Batch 1:cell_24,-0.03184213409789827,-3.9386625198856184
Batch 1:cell_25,-0.02944117289056547,-4.027888815909276
Batch 1:cell_30,-0.04081538502439652,-3.744699215485718
Batch 1:cell_31,-0.03947820648424727,-3.7777326214847866
Batch 1:cell_32,-0.04556628526257467,-3.6464634951461723
Batch 1:cell_33,-0.044901781211682756,-3.6670575955690095
Batch 1:cell_36,-0.044621405961221994,-3.669501340566928
Batch 1:cell_37,-0.044544784957630146,-3.673938891265066
Batch 1:cell_38,-0.05641559694699583,-3.433048172369524
Batch 1:cell_39,-0.053143954091811496,-3.5045337190652996
Batch 1:cell_40,-0.02909570881628587,-4.055212700223032
Batch 1:cell_41,-0.02850629135902205,-4.071513964059167
Batch 1:cell_42,-0.04470964572873015,-3.6658557832569456
Batch 1:cell_43,-0.044605890152637384,-3.667779069613828
Batch 1:cell_44,-0.05879707165403769,-3.4207000036622865
Batch 1:cell_45,-0.059403509916114317,-3.425292234542537
