uid,cell_id,cycle_life,dq_min,log_dq_var,dq_mean,dq_var,dq_abs_area,dq_min_voltage,life_group
Batch 1:cell_0,0,1190.0,-0.008459642934268818,-5.014860998019518,-0.0028734152246919155,9.66360026477134e-06,0.004436810032272287,3.0645645645645647,Long
Batch 1:cell_1,1,1179.0,-0.011003816596621962,-5.01395957231477,-0.004099614621345189,9.683678956852016e-06,0.0061545629206738745,3.136636636636637,Long
Batch 1:cell_2,2,1177.0,-0.017216391849644463,-4.736999718278589,-0.004486734282886987,1.8323155109711e-05,0.006736736073305353,3.153153153153153,Long
Batch 1:cell_3,3,1226.0,-0.018960539773269502,-4.442613347243354,-0.007455784700018412,3.608997994486938e-05,0.011211524461609022,2.957957957957958,Long
Batch 1:cell_4,4,1227.0,-0.013957995093677344,-4.647743641009163,-0.005750008121960181,2.2503824885676158e-05,0.008635041751084406,2.8783783783783785,Long
Batch 1:cell_5,5,1074.0,-0.025178778949337288,-4.17887795674817,-0.01107391297973859,6.624026126041226e-05,0.016655328750794608,2.8723723723723724,Long
Batch 1:cell_6,6,636.0,-0.03788603931347978,-3.7688778976770076,-0.015965056248274823,0.0001702637129223195,0.02397678399849678,2.933933933933934,Middle
Batch 1:cell_7,7,870.0,-0.03823338650707442,-3.8134860745003474,-0.016645727245619732,0.00015364340477588733,0.024987913140153684,3.06006006006006,Middle
Batch 1:cell_8,8,879.0,-0.030807702259195047,-4.001194604416227,-0.012818967232022799,9.972530913284558e-05,0.01924489941814346,2.9414414414414414,Middle
Batch 1:cell_9,9,1054.0,-0.028724475696229934,-4.059383672790249,-0.01151060056848011,8.722004817808711e-05,0.017280714863526454,2.9684684684684686,Long
Batch 1:cell_10,10,906.0,-0.026992931922526497,-4.022573141912414,-0.010668007843734222,9.493510903192643e-05,0.01602896149370903,2.9564564564564564,Middle
Batch 1:cell_11,11,788.0,-0.023691513033622602,-4.146896524411297,-0.008378205102529984,7.130228856858242e-05,0.012626451228780818,2.9654654654654653,Middle
Batch 1:cell_12,12,902.0,-0.027438869587688153,-4.12519064319492,-0.011237958333707347,7.495650888780392e-05,0.016871122042618425,2.9384384384384385,Middle
Batch 1:cell_13,13,897.0,-0.029137075239816568,-4.048006452792147,-0.013148734381658471,8.953514522265102e-05,0.019738899770472183,2.8903903903903903,Middle
Batch 1:cell_14,14,880.0,-0.0282939556930506,-4.046069835161314,-0.01194621822346789,8.993529426869345e-05,0.017935340239542703,2.9024024024024024,Middle
Batch 1:cell_15,15,719.0,-0.02894455469678503,-4.01794909864141,-0.011013089313180444,9.595130743781204e-05,0.01653531913913857,2.9174174174174174,Middle
Batch 1:cell_16,16,862.0,-0.027606674842371115,-4.099413669983678,-0.012403806163792483,7.954013514589507e-05,0.018620843823740192,2.8933933933933935,Middle
Batch 1:cell_17,17,857.0,-0.031067967108938555,-3.970159447107843,-0.013343115757399524,0.00010711259692754454,0.020031845257412216,2.906906906906907,Middle
Batch 1:cell_18,18,691.0,-0.04413321540827286,-3.650080543213559,-0.020702386803338756,0.00022383059792099492,0.031078091572462316,2.9054054054054053,Middle
Batch 1:cell_19,19,788.0,-0.04589269342650848,-3.6199068256267832,-0.02010627482176973,0.0002399347614457429,0.030184805979855782,2.96996996996997,Middle
Batch 1:cell_20,20,534.0,-0.06358042689660326,-3.367237409234227,-0.03279598300714768,0.00042930168171296525,0.049228016807017966,2.9624624624624625,Middle
Batch 1:cell_21,21,559.0,-0.06472026276575493,-3.3503380506265663,-0.03065757711271063,0.00044633603224653485,0.046019844577504035,2.9894894894894897,Middle
Batch 1:cell_22,22,891.0,-0.032147144008991324,-3.95216866925275,-0.0147163713132086,0.00011164295598941376,0.022092294259523505,2.918918918918919,Middle
Batch 1:cell_23,23,1014.0,-0.029953516931757296,-4.040793638557235,-0.013340620512360239,9.103457241110655e-05,0.02002689691191373,2.9114114114114114,Long
Batch 1:cell_24,24,1017.0,-0.03184213409789827,-3.9386625198856184,-0.013873507013282613,0.00011516949866350308,0.020827784522993092,2.9504504504504503,Long
Batch 1:cell_25,25,854.0,-0.02944117289056547,-4.027888815909276,-0.012406193052887388,9.378020536805893e-05,0.0186250835027458,2.9264264264264264,Middle
Batch 1:cell_26,26,870.0,-0.03835445363245393,-3.795219994075125,-0.01785015712562481,0.0001602433454256311,0.026796507343767713,2.9234234234234235,Middle
Batch 1:cell_27,27,842.0,-0.03583211964634625,-3.853703196955041,-0.015514187146656106,0.00014005441374332457,0.02331058634626393,2.9534534534534536,Middle
Batch 1:cell_28,28,860.0,-0.03721348031974192,-3.84471180445884,-0.016698122755162713,0.00014298424697322437,0.025067026759179212,2.9354354354354353,Middle
Batch 1:cell_29,29,917.0,-0.036868449881918286,-3.8382817019703572,-0.01660052342693117,0.00014511700113165654,0.024930682828830694,2.9324324324324325,Middle
Batch 1:cell_30,30,709.0,-0.04081538502439652,-3.744699215485718,-0.017719122166801278,0.0001800117202166411,0.026600631636954444,2.9624624624624625,Middle
Batch 1:cell_31,31,876.0,-0.03947820648424727,-3.7777326214847866,-0.017983588803246863,0.00016682739789842456,0.02702872964162304,2.9354354354354353,Middle
Batch 1:cell_32,32,731.0,-0.04556628526257467,-3.6464634951461723,-0.020730273837007356,0.000225702569302089,0.031120302528441827,2.93993993993994,Middle
Batch 1:cell_33,33,757.0,-0.044901781211682756,-3.6670575955690095,-0.021651569301358073,0.00021524962445427156,0.0325019262731264,2.9279279279279278,Middle
Batch 1:cell_34,34,742.0,-0.037218141748807665,-3.8486161539440484,-0.016080359430316875,0.00014170456557429945,0.024155425811623218,2.864864864864865,Middle
Batch 1:cell_35,35,703.0,-0.039152034335048436,-3.7726058130233238,-0.018223341654084003,0.0001688084508574747,0.027356945768315814,2.9234234234234235,Middle
Batch 1:cell_36,36,704.0,-0.044621405961221994,-3.669501340566928,-0.021042350858026748,0.00021404183097836082,0.031588169163337426,2.924924924924925,Middle
Batch 1:cell_37,37,648.0,-0.044544784957630146,-3.673938891265066,-0.019436824634916583,0.00021186592167101386,0.029179144808805377,2.945945945945946,Middle
Batch 1:cell_38,38,617.0,-0.05641559694699583,-3.433048172369524,-0.026764193834967424,0.00036893667248310104,0.04018155643976315,2.975975975975976,Middle
Batch 1:cell_39,39,625.0,-0.053143954091811496,-3.5045337190652996,-0.024440041487006032,0.00031294374794214435,0.0366893987143089,2.951951951951952,Middle
Batch 1:cell_40,40,966.0,-0.02909570881628587,-4.055212700223032,-0.012628807847703542,8.806174658415384e-05,0.0189582791424852,3.0975975975975976,Middle
Batch 1:cell_41,41,1051.0,-0.02850629135902205,-4.071513964059167,-0.012358568562846162,8.48176100238975e-05,0.01855389845467198,2.936936936936937,Long
Batch 1:cell_42,42,702.0,-0.04470964572873015,-3.6658557832569456,-0.020599210252813274,0.00021584610431745792,0.030923283927720528,2.918918918918919,Middle
Batch 1:cell_43,43,651.0,-0.044605890152637384,-3.667779069613828,-0.019165626778476195,0.00021489233671107995,0.028772389873803123,2.9174174174174174,Middle
Batch 1:cell_44,44,616.0,-0.05879707165403769,-3.4207000036622865,-0.029329092901317064,0.00037957709280166184,0.044025473959789396,2.921921921921922,Middle
Batch 1:cell_45,45,599.0,-0.059403509916114317,-3.425292234542537,-0.02886609052113574,0.00037558458928354567,0.04333871431910706,2.945945945945946,Middle
